[
    {
        "fname": "John Smith",
        "room": 145,
        "checkIn": "2019-06-21",
        "checkOut": "2014-07-11",
        "staff": 3,
        "clean": 5,
        "bed": 2,
        "amenity": 4,
        "quality": 4,
        "recommend": true,
        "ready": false,
        "timestamp": 1468810203
    },
    {
        "fname": "William Johnson",
        "room": 127,
        "checkIn": "2022-02-15",
        "checkOut": "2019-12-16",
        "staff": 5,
        "clean": 2,
        "bed": 3,
        "amenity": 3,
        "quality": 1,
        "recommend": false,
        "ready": false,
        "timestamp": 1306378203
    },
    {
        "fname": "James Williams",
        "room": 130,
        "checkIn": "2022-11-27",
        "checkOut": "2022-11-01",
        "staff": 5,
        "clean": 2,
        "bed": 1,
        "amenity": 4,
        "quality": 2,
        "recommend": true,
        "ready": false,
        "timestamp": 1450151403
    },
    {
        "fname": "Charles Brown",
        "room": 125,
        "checkIn": "2006-05-22",
        "checkOut": "2006-04-11",
        "staff": 4,
        "clean": 3,
        "bed": 4,
        "amenity": 5,
        "quality": 4,
        "recommend": true,
        "ready": false,
        "timestamp": 1346899803
    },
    {
        "fname": "George Jones",
        "room": 138,
        "checkIn": "2013-05-19",
        "checkOut": "2018-12-06",
        "staff": 4,
        "clean": 4,
        "bed": 3,
        "amenity": 4,
        "quality": 5,
        "recommend": false,
        "ready": true,
        "timestamp": 1289706603
    },
    {
        "fname": "Frank Miller",
        "room": 121,
        "checkIn": "2015-08-03",
        "checkOut": "2022-06-04",
        "staff": 1,
        "clean": 1,
        "bed": 5,
        "amenity": 4,
        "quality": 1,
        "recommend": true,
        "ready": true,
        "timestamp": 1476327003
    },
    {
        "fname": "Joseph Davis",
        "room": 100,
        "checkIn": "2018-11-02",
        "checkOut": "2010-09-02",
        "staff": 3,
        "clean": 1,
        "bed": 3,
        "amenity": 2,
        "quality": 5,
        "recommend": false,
        "ready": true,
        "timestamp": 1588560603
    },
    {
        "fname": "Thomas Garcia",
        "room": 122,
        "checkIn": "2008-07-11",
        "checkOut": "2018-12-22",
        "staff": 1,
        "clean": 4,
        "bed": 2,
        "amenity": 3,
        "quality": 3,
        "recommend": true,
        "ready": false,
        "timestamp": 1551671403
    },
    {
        "fname": "Henry Rodriguez",
        "room": 101,
        "checkIn": "2021-06-28",
        "checkOut": "2018-07-06",
        "staff": 5,
        "clean": 4,
        "bed": 2,
        "amenity": 1,
        "quality": 4,
        "recommend": false,
        "ready": true,
        "timestamp": 1660531803
    },
    {
        "fname": "Robert Wilson",
        "room": 148,
        "checkIn": "2018-04-15",
        "checkOut": "2006-03-08",
        "staff": 2,
        "clean": 2,
        "bed": 2,
        "amenity": 5,
        "quality": 3,
        "recommend": false,
        "ready": false,
        "timestamp": 1120877403
    },
    {
        "fname": "Mary Martinez",
        "room": 138,
        "checkIn": "2019-10-20",
        "checkOut": "2024-02-28",
        "staff": 4,
        "clean": 4,
        "bed": 5,
        "amenity": 5,
        "quality": 1,
        "recommend": false,
        "ready": true,
        "timestamp": 1241405403
    },
    {
        "fname": "Anna Anderson",
        "room": 142,
        "checkIn": "2021-10-29",
        "checkOut": "2007-12-25",
        "staff": 4,
        "clean": 5,
        "bed": 5,
        "amenity": 2,
        "quality": 3,
        "recommend": false,
        "ready": true,
        "timestamp": 1269917403
    },
    {
        "fname": "Emma Taylor",
        "room": 148,
        "checkIn": "2023-08-19",
        "checkOut": "2017-07-01",
        "staff": 4,
        "clean": 3,
        "bed": 1,
        "amenity": 4,
        "quality": 3,
        "recommend": true,
        "ready": true,
        "timestamp": 1599619803
    },
    {
        "fname": "Elizabeth Thomas",
        "room": 105,
        "checkIn": "2024-02-05",
        "checkOut": "2006-09-24",
        "staff": 2,
        "clean": 3,
        "bed": 2,
        "amenity": 5,
        "quality": 4,
        "recommend": false,
        "ready": true,
        "timestamp": 1249095003
    },
    {
        "fname": "Minnie Hernandez",
        "room": 118,
        "checkIn": "2015-05-24",
        "checkOut": "2020-09-10",
        "staff": 2,
        "clean": 3,
        "bed": 3,
        "amenity": 3,
        "quality": 5,
        "recommend": false,
        "ready": false,
        "timestamp": 1501383003
    },
    {
        "fname": "Margaret Moore",
        "room": 121,
        "checkIn": "2015-12-27",
        "checkOut": "2009-09-15",
        "staff": 1,
        "clean": 5,
        "bed": 3,
        "amenity": 3,
        "quality": 2,
        "recommend": true,
        "ready": false,
        "timestamp": 1639972203
    },
    {
        "fname": "Ida Martin",
        "room": 102,
        "checkIn": "2018-11-03",
        "checkOut": "2019-12-09",
        "staff": 4,
        "clean": 2,
        "bed": 1,
        "amenity": 2,
        "quality": 3,
        "recommend": false,
        "ready": true,
        "timestamp": 1642218603
    },
    {
        "fname": "Alice Jackson",
        "room": 131,
        "checkIn": "2007-03-27",
        "checkOut": "2020-12-23",
        "staff": 4,
        "clean": 3,
        "bed": 4,
        "amenity": 1,
        "quality": 3,
        "recommend": true,
        "ready": true,
        "timestamp": 1599965403
    },
    {
        "fname": "Bertha Thompson",
        "room": 145,
        "checkIn": "2016-05-18",
        "checkOut": "2005-05-21",
        "staff": 4,
        "clean": 5,
        "bed": 1,
        "amenity": 4,
        "quality": 5,
        "recommend": true,
        "ready": false,
        "timestamp": 1549770603
    },
    {
        "fname": "Sarah White",
        "room": 127,
        "checkIn": "2014-03-31",
        "checkOut": "2022-02-04",
        "staff": 5,
        "clean": 2,
        "bed": 2,
        "amenity": 1,
        "quality": 2,
        "recommend": false,
        "ready": true,
        "timestamp": 1703649003
    }
]