[{"Account Number":"202147732","Post Date":"9\/8\/2023","Check":"","Description":"Descriptive Withdrawal ACH TRANSACTION","Debit":"2000.00","Credit":"","Status":"Posted","Balance":"7490.37"},{"Account Number":"202147732","Post Date":"8\/25\/2023","Check":"","Description":"Dividend Payment","Debit":"","Credit":".15","Status":"Posted","Balance":"9490.37"},{"Account Number":"202147732","Post Date":"7\/28\/2023","Check":"","Description":"Dividend Payment","Debit":"","Credit":".02","Status":"Posted","Balance":"9490.22"},{"Account Number":"202147732","Post Date":"7\/25\/2023","Check":"","Description":"Deposit","Debit":"","Credit":"9489.76","Status":"Posted","Balance":"9490.20"},{"Account Number":"202147732","Post Date":"2\/20\/2023","Check":"","Description":"Withdrawal balance","Debit":"12.00","Credit":"","Status":"Posted","Balance":".44"},{"Account Number":"202147732","Post Date":"1\/4\/2023","Check":"","Description":"Withdrawal balance","Debit":"100.00","Credit":"","Status":"Posted","Balance":"12.44"},{"Account Number":"202147732","Post Date":"1\/4\/2023","Check":"","Description":"CASH BACK","Debit":"","Credit":"111.33","Status":"Posted","Balance":"112.44"},{"Account Number":"202147732","Post Date":"12\/9\/2022","Check":"","Description":"Withdrawal boiler","Debit":"500.00","Credit":"","Status":"Posted","Balance":"1.11"},{"Account Number":"202147732","Post Date":"11\/25\/2022","Check":"","Description":"Dividend Payment","Debit":"","Credit":".02","Status":"Posted","Balance":"501.11"},{"Account Number":"202147732","Post Date":"10\/31\/2022","Check":"","Description":"Withdrawal Funds Transfer via Online","Debit":"7000.00","Credit":"","Status":"Posted","Balance":"501.09"},{"Account Number":"202147732","Post Date":"10\/28\/2022","Check":"","Description":"Dividend Payment","Debit":"","Credit":".22","Status":"Posted","Balance":"7501.09"},{"Account Number":"202147732","Post Date":"10\/22\/2022","Check":"","Description":"Withdrawal Funds Transfer via Mobile","Debit":"500.00","Credit":"","Status":"Posted","Balance":"7500.87"},{"Account Number":"202147732","Post Date":"10\/19\/2022","Check":"","Description":"E Withdrawal DFCU OnLine  - balance ac","Debit":"1000.00","Credit":"","Status":"Posted","Balance":"8000.87"},{"Account Number":"202147732","Post Date":"10\/13\/2022","Check":"","Description":"E Withdrawal DFCU OnLine  - bill payme","Debit":"1000.00","Credit":"","Status":"Posted","Balance":"9000.87"},{"Account Number":"202147732","Post Date":"10\/8\/2022","Check":"","Description":"Withdrawal House Edraw","Debit":"4500.00","Credit":"","Status":"Posted","Balance":"10000.87"},{"Account Number":"202147732","Post Date":"9\/23\/2022","Check":"","Description":"Dividend Payment","Debit":"","Credit":".23","Status":"Posted","Balance":"14500.87"},{"Account Number":"202147732","Post Date":"9\/21\/2022","Check":"","Description":"Descriptive Withdrawal ACH TRANSACTION","Debit":"500.00","Credit":"","Status":"Posted","Balance":"14500.64"},{"Account Number":"202147732","Post Date":"8\/26\/2022","Check":"","Description":"Dividend Payment","Debit":"","Credit":".42","Status":"Posted","Balance":"15000.64"},{"Account Number":"202147732","Post Date":"8\/11\/2022","Check":"","Description":"Withdrawal Funds Transfer via Mobile","Debit":"5000.00","Credit":"","Status":"Posted","Balance":"15000.22"},{"Account Number":"202147732","Post Date":"8\/8\/2022","Check":"","Description":"Withdrawal Funds Transfer via Mobile","Debit":"985.00","Credit":"","Status":"Posted","Balance":"20000.22"},{"Account Number":"202147732","Post Date":"8\/5\/2022","Check":"","Description":"Withdrawal Funds Transfer via Mobile","Debit":"10000.00","Credit":"","Status":"Posted","Balance":"20985.22"},{"Account Number":"202147732","Post Date":"7\/25\/2022","Check":"","Description":"Withdrawal Funds Transfer via Mobile","Debit":"3000.00","Credit":"","Status":"Posted","Balance":"30985.22"},{"Account Number":"202147732","Post Date":"7\/22\/2022","Check":"","Description":"Dividend Payment","Debit":"","Credit":".62","Status":"Posted","Balance":"33985.22"},{"Account Number":"202147732","Post Date":"7\/15\/2022","Check":"","Description":"Withdrawal Funds Transfer via Mobile","Debit":"3000.00","Credit":"","Status":"Posted","Balance":"33984.60"},{"Account Number":"202147732","Post Date":"7\/10\/2022","Check":"","Description":"Withdrawal Funds Transfer via Mobile","Debit":"4000.00","Credit":"","Status":"Posted","Balance":"36984.60"},{"Account Number":"202147732","Post Date":"7\/9\/2022","Check":"","Description":"Withdrawal Funds Transfer via Mobile","Debit":"3000.00","Credit":"","Status":"Posted","Balance":"40984.60"},{"Account Number":"202147732","Post Date":"6\/24\/2022","Check":"","Description":"Dividend Payment","Debit":"","Credit":".66","Status":"Posted","Balance":"43984.60"},{"Account Number":"202147732","Post Date":"6\/16\/2022","Check":"","Description":"Withdrawal Funds Transfer via Mobile","Debit":"5000.00","Credit":"","Status":"Posted","Balance":"43983.94"},{"Account Number":"202147732","Post Date":"6\/14\/2022","Check":"","Description":"Withdrawal Funds Transfer via Mobile","Debit":"5000.00","Credit":"","Status":"Posted","Balance":"48983.94"},{"Account Number":"202147732","Post Date":"6\/8\/2022","Check":"","Description":"Withdrawal Funds Transfer via Mobile","Debit":"6000.00","Credit":"","Status":"Posted","Balance":"53983.94"},{"Account Number":"202147732","Post Date":"6\/2\/2022","Check":"","Description":"Deposit","Debit":"","Credit":"54981.59","Status":"Posted","Balance":"59983.94"},{"Account Number":"202147732","Post Date":"5\/27\/2022","Check":"","Description":"Dividend Payment","Debit":"","Credit":".16","Status":"Posted","Balance":"5002.35"},{"Account Number":"202147732","Post Date":"5\/13\/2022","Check":"","Description":"Withdrawal Funds Transfer via Mobile","Debit":"5000.00","Credit":"","Status":"Posted","Balance":"5002.19"},{"Account Number":"202147732","Post Date":"4\/28\/2022","Check":"","Description":"Withdrawal Funds Transfer via Mobile","Debit":"3000.00","Credit":"","Status":"Posted","Balance":"10002.19"},{"Account Number":"202147732","Post Date":"4\/22\/2022","Check":"","Description":"Dividend Payment","Debit":"","Credit":".27","Status":"Posted","Balance":"13002.19"},{"Account Number":"202147732","Post Date":"4\/13\/2022","Check":"","Description":"Withdrawal Funds Transfer via Mobile","Debit":"5000.00","Credit":"","Status":"Posted","Balance":"13001.92"},{"Account Number":"202147732","Post Date":"4\/5\/2022","Check":"","Description":"Withdrawal Funds Transfer via Mobile","Debit":"2000.00","Credit":"","Status":"Posted","Balance":"18001.92"},{"Account Number":"202147732","Post Date":"4\/4\/2022","Check":"","Description":"Withdrawal Funds Transfer via Mobile","Debit":"2000.00","Credit":"","Status":"Posted","Balance":"20001.92"},{"Account Number":"202147732","Post Date":"3\/29\/2022","Check":"","Description":"Withdrawal Funds Transfer via Mobile","Debit":"2000.00","Credit":"","Status":"Posted","Balance":"22001.92"},{"Account Number":"202147732","Post Date":"3\/25\/2022","Check":"","Description":"Dividend Payment","Debit":"","Credit":".38","Status":"Posted","Balance":"24001.92"},{"Account Number":"202147732","Post Date":"3\/11\/2022","Check":"","Description":"Withdrawal Funds Transfer via Mobile","Debit":"2000.00","Credit":"","Status":"Posted","Balance":"24001.54"},{"Account Number":"202147732","Post Date":"3\/5\/2022","Check":"","Description":"Withdrawal Funds Transfer via Mobile","Debit":"500.00","Credit":"","Status":"Posted","Balance":"26001.54"},{"Account Number":"202147732","Post Date":"2\/25\/2022","Check":"","Description":"Dividend Payment","Debit":"","Credit":".43","Status":"Posted","Balance":"26501.54"},{"Account Number":"202147732","Post Date":"2\/17\/2022","Check":"","Description":"Withdrawal Funds Transfer via Mobile","Debit":"2000.00","Credit":"","Status":"Posted","Balance":"26501.11"},{"Account Number":"202147732","Post Date":"2\/7\/2022","Check":"","Description":"Withdrawal Funds Transfer via Mobile","Debit":"500.00","Credit":"","Status":"Posted","Balance":"28501.11"},{"Account Number":"202147732","Post Date":"1\/28\/2022","Check":"","Description":"Dividend Payment","Debit":"","Credit":".56","Status":"Posted","Balance":"29001.11"},{"Account Number":"202147732","Post Date":"1\/13\/2022","Check":"","Description":"Withdrawal Funds Transfer via Mobile","Debit":"185.00","Credit":"","Status":"Posted","Balance":"29000.55"},{"Account Number":"202147732","Post Date":"1\/4\/2022","Check":"","Description":"CASH BACK","Debit":"","Credit":"182.41","Status":"Posted","Balance":"29185.55"},{"Account Number":"202147732","Post Date":"12\/31\/2021","Check":"","Description":"Withdrawal Funds Transfer via Mobile","Debit":"500.00","Credit":"","Status":"Posted","Balance":"29003.14"},{"Account Number":"202147732","Post Date":"12\/24\/2021","Check":"","Description":"Dividend Payment","Debit":"","Credit":".45","Status":"Posted","Balance":"29503.14"},{"Account Number":"202147732","Post Date":"11\/26\/2021","Check":"","Description":"Dividend Payment","Debit":"","Credit":".57","Status":"Posted","Balance":"29502.69"},{"Account Number":"202147732","Post Date":"10\/22\/2021","Check":"","Description":"Dividend Payment","Debit":"","Credit":".46","Status":"Posted","Balance":"29502.12"},{"Account Number":"202147732","Post Date":"10\/14\/2021","Check":"","Description":"Withdrawal Funds Transfer via Mobile","Debit":"500.00","Credit":"","Status":"Posted","Balance":"29501.66"},{"Account Number":"202147732","Post Date":"9\/24\/2021","Check":"","Description":"Dividend Payment","Debit":"","Credit":".48","Status":"Posted","Balance":"30001.66"},{"Account Number":"202147732","Post Date":"9\/14\/2021","Check":"","Description":"Withdrawal Funds Transfer via Mobile","Debit":"2000.00","Credit":"","Status":"Posted","Balance":"30001.18"},{"Account Number":"202147732","Post Date":"9\/11\/2021","Check":"","Description":"Withdrawal Funds Transfer via Mobile","Debit":"500.00","Credit":"","Status":"Posted","Balance":"32001.18"},{"Account Number":"202147732","Post Date":"9\/2\/2021","Check":"","Description":"Withdrawal Funds Transfer via Mobile","Debit":"500.00","Credit":"","Status":"Posted","Balance":"32501.18"},{"Account Number":"202147732","Post Date":"8\/27\/2021","Check":"","Description":"Dividend Payment","Debit":"","Credit":"1.18","Status":"Posted","Balance":"33001.18"},{"Account Number":"202147732","Post Date":"8\/25\/2021","Check":"","Description":"Withdrawal","Debit":"500.00","Credit":"","Status":"Posted","Balance":"33000.00"},{"Account Number":"202147732","Post Date":"8\/12\/2021","Check":"","Description":"Withdrawal Funds Transfer via Mobile","Debit":"500.00","Credit":"","Status":"Posted","Balance":"33500.00"}]